portfolio,Effective Number of Bets
Min_Var_Factor,4.584592304792067
MV_BL_Factor,2.3418752102869966
Min_TE_Factor,2.0214017591077256
MV_BL_Reg_Factor,2.025945598882249
